name,count
GeForce RTX 4090,38968
GeForce RTX 4080,34841
Radeon PRO W7800,32146
GeForce RTX 4070 Ti,31652
Radeon RX 7900 XTX,31173
Radeon PRO W7900,30892
GeForce RTX 3090 Ti,29842
Radeon RX 7900 XT,29074
GeForce RTX 4090 Laptop GPU,29020
Radeon RX 6950 XT,28636
Radeon RX 7900 GRE,27453
GeForce RTX 3080 Ti,27348
Radeon RX 6900 XT,26969
GeForce RTX 3090,26930
GeForce RTX 4070,26902
GeForce RTX 3080 12GB,26753
GeForce RTX 4080 Laptop GPU,26528
GeForce RTX 3080,25366
Radeon RX 6800 XT,25192
Radeon RX 7800 XT,24561
RTX 4000 Ada Generation Laptop GPU,23950
GeForce RTX 3070 Ti,23773
RTX A5000,23099
RTX A6000,22772
RTX 6000 Ada Generation,22718
GeForce RTX 4060 Ti 16GB,22573
GeForce RTX 4060 Ti,22560
GeForce RTX 3070,22486
Radeon RX 6800,22374
NVIDIA A10,22064
GeForce RTX 2080 Ti,21861
RTX A4500,21619
RTX 5000 Ada Generation Laptop GPU,21349
RTX 4000 SFF Ada Generation,21300
Radeon RX 6750 XT,21147
Quadro GV100,20600
GeForce RTX 3060 Ti,20590
GeForce RTX 3080 Ti Laptop GPU,20349
RTX 3500 Ada Generation Laptop GPU,20313
RTX A5500,20123
TITAN RTX,19912
Radeon RX 7700 XT,19890
Radeon RX 6700 XT,19879
TITAN V,19852
Radeon PRO W6800,19769
GeForce RTX 4070 Laptop GPU,19703
GeForce RTX 2080 SUPER,19597
Radeon PRO W7600,19589
Quadro RTX 8000,19402
TITAN Xp COLLECTORS EDITION,19356
GeForce RTX 4060,19329
RTX A4000,19280
Quadro RTX 6000,19233
Radeon RX 6700,18860
GeForce RTX 2080,18812
NVIDIA TITAN Xp,18679
GeForce GTX 1080 Ti,18526
GeForce RTX 3070 Ti Laptop GPU,18390
GeForce RTX 4060 Laptop GPU,18305
NVIDIA A10G,18293
GeForce RTX 2070 SUPER,18264
Radeon RX 6850M XT,18236
A40-48Q,17864
RTX A5500 Laptop GPU,17839
RTX A4500 Laptop GPU,17608
Radeon Pro W5700X,17591
Radeon RX 6650 XT,17513
Radeon RX 7700S,17479
GeForce RTX 3060,17144
TITAN V CEO Edition,16988
Radeon RX 5700 XT,16852
Radeon VII,16766
Radeon RX 7600,16661
Radeon RX 5700 XT 50th Anniversary,16641
GeForce RTX 3080 Laptop GPU,16610
GeForce RTX 2060 SUPER,16585
Radeon RX 6600 XT,16456
Tesla V100-SXM2-16GB,16235
GeForce RTX 2070,16173
Radeon PRO W6600,16143
Quadro RTX 5000,16101
Radeon Pro Vega II Duo,15977
Miracast display port driver V3,15910
RTX A5000 Laptop GPU,15861
Radeon PRO W7500,15831
GeForce RTX 2060 12GB,15825
Radeon Pro Vega II,15668
Quadro P6000,15619
RTX A4000 Laptop GPU,15611
Quadro GP100,15608
GeForce RTX 3070 Laptop GPU,15545
Radeon RX 6800S,15537
Radeon Pro W5700,15494
GeForce GTX 1080,15485
Radeon Pro VII,15441
Quadro RTX 4000,15440
RTX 2000 Ada Generation Laptop GPU,15380
Radeon RX 7600M XT,15347
Radeon RX 6600,15150
GeForce RTX 2080 (Mobile),15107
GeForce RTX 4050 Laptop GPU,15089
Radeon RX 6600S,14897
Quadro RTX 5000 (Mobile),14832
Radeon RX 6700S,14798
GeForce GTX 1070 Ti,14715
RTX A3000 12GB Laptop GPU,14691
Radeon RX 5700,14660
Radeon Pro Vega 64X,14631
Radeon RX Vega 64,14519
RadeonT RX 6850M XT,14146
GeForce RTX 2060,14113
Radeon Pro WX 8200,13926
GeForce RTX 2070 Super with Max-Q Design,13911
GeForce GTX 980 Ti,13834
GeForce RTX 2080 Super with Max-Q Design,13827
RTX A2000,13822
Radeon RX 5600 XT,13786
NVIDIA TITAN X,13660
Quadro RTX 5000 with Max-Q Design,13585
Radeon RX 6600M,13577
Radeon RX 6650M,13566
RTX A2000 12GB,13559
GeForce GTX 1070,13509
Radeon RX Vega 56,13465
Radeon Vega Frontier Edition,13417
GeForce RTX 3060 Laptop GPU,13403
Radeon RX 6700M,13283
Radeon Pro WX 9100,13192
GeForce RTX 2080 with Max-Q Design,13190
Intel d gfx-driver-ci-master-14429 DCH RI,13174
Radeon PRO W6600X,13113
GeForce GTX TITAN X,13058
Radeon RX 6800M,13037
Radeon RX 7600S,13011
GeForce RTX 3050,12971
GeForce GTX 1660 Ti,12961
Radeon Pro Vega 64,12919
GeForce GTX 1660 SUPER,12793
Radeon RX 5600 OEM,12738
Radeon Pro 5700 XT,12690
Tesla P40,12683
Tesla T10,12650
Quadro P5200,12631
Quadro P5200 with Max-Q Design,12608
Quadro RTX 4000 with Max-Q Design,12533
RTX A3000 Laptop GPU,12498
Quadro RTX 4000 (Mobile),12494
GeForce RTX 2070 (Mobile),12354
Radeon Pro Vega 56,12354
Radeon RX 6850M,12274
Radeon Pro V520 MxGPU,12258
Quadro P5000,12227
GeForce RTX 3050 OEM,12091
GeForce RTX 2070 with Max-Q Design,11900
Radeon Pro 5700,11844
Quadro M6000,11796
Quadro M6000 24GB,11787
GeForce GTX 1660,11724
Quadro P4000,11641
GeForce GTX 1080 with Max-Q Design,11571
Radeon RX 5600,11471
GeForce RTX 2060 (Mobile),11355
Radeon Pro Vega 48,11300
Quadro RTX 3000,11133
GeForce GTX 980,11131
CMP 40HX,11072
RTX A1000 Embedded GPU,11047
GRID P40-12Q,11028
Quadro P4200 with Max-Q Design,11020
RTX A2000 8GB Laptop GPU,10929
GeForce RTX 3050 6GB Laptop GPU,10851
Tesla T4,10693
Radeon Pro SSG,10498
Tesla M40 24GB,10475
GeForce GTX 1070 (Mobile),10465
Quadro P4200,10266
GeForce GTX 1660 Ti (Mobile),10202
Tesla M40,10183
GeForce RTX 3050 Ti Laptop GPU,10160
GeForce GTX 1650 SUPER,10113
RTX A1000 6GB Laptop GPU,10101
GeForce GTX 1060,10072
Radeon R9 Fury X,10062
GeForce GTX 1070 with Max-Q Design,10051
RTX A2000 Laptop GPU,10029
NVIDIA A40,9983
GRID P40-2B,9842
GeForce RTX 2060 with Max-Q Design,9803
GeForce GTX 1060 3GB,9751
Radeon R9 Fury + Fury X,9741
GeForce GTX 970,9642
Radeon R9 Fury,9618
Radeon RX 590,9533
Radeon RX 6500 XT,9507
RTX A1000 Laptop GPU,9495
GeForce GTX 780 Ti,9475
Radeon Ryzen 9 4900HSS,9461
Radeon R9 390X,9447
Intel Arc Pro A60,9409
GeForce RTX 3050 Laptop GPU,9389
Quadro P2200,9383
Radeon Pro 5600M,9381
Quadro M5000,9371
Quadro P3200 with Max-Q Design,9247
Radeon RX 5500 XT,9183
Radeon Pro W5500,9122
GRID P40-2B4,9111
Quadro P4000 with Max-Q Design,9083
Quadro P3200,9061
Tesla P4,9032
GeForce GTX TITAN Black,9011
Radeon R9 390,9000
GeForce GTX TITAN Z,8987
GRID P40-8Q,8967
GeForce GTX 1060 5GB,8946
Radeon RX 580,8910
Radeon RX 5500,8835
Intel Arc A770,8791
Radeon RX 480,8673
GeForce GTX 1660 Ti with Max-Q Design,8660
Radeon R9 290X,8660
Radeon R9 295X2,8638
Radeon RX590 GME,8569
Quadro RTX 3000 with Max-Q Design,8507
GRID RTX6000-1B,8473
Radeon R9 290X / 390X,8389
Ryzen 5 4600HS with Radeon Graphics,8371
Radeon R9 290,8367
Radeon Pro Duo,8296
Radeon Pro 5500 XT,8264
Intel Arc A750,8261
Tesla V100-PCIE-32GB,8260
Radeon RX 5600M,8219
GeForce GTX Titan,8200
GeForce GTX 1060 (Mobile),8161
Radeon R9 290 / 390,8150
Radeon RX 470/570,8050
Quadro K6000,8044
GeForce GTX 780,8026
Ryzen 9 6900HS,8005
Radeon PRO W6400,7991
Radeon RX 6500M,7939
FirePro W9100,7928
Radeon Pro WX 7100,7922
GeForce GTX 1060 with Max-Q Design,7922
Quadro M5500,7915
GeForce GTX 1650,7858
Radeon RX 580X,7798
T1200 Laptop GPU,7792
Tesla M60,7771
Radeon RX 580 2048SP,7753
Radeon Pro 580,7753
T1000,7654
Radeon RX 5300,7652
T1000 8GB,7585
GeForce GTX 1650 Ti,7556
Radeon Pro 580X,7540
Tesla M6,7509
Radeon RX 6400,7454
GeForce GTX 980M,7379
FirePro W8100,7279
Radeon Pro 5300,7230
Tesla P100-PCIE-16GB,7225
Radeon 780M,7221
Radeon Ryzen 9 4900HS,7186
Quadro T2000,7138
GeForce RTX 3050 4GB Laptop GPU,7103
T600 Laptop GPU,7069
RadeonT 780M,7067
A10-8Q,7042
Quadro M5000M,7031
GeForce RTX 2050,7023
Ryzen 7 4800HS with Radeon Graphics,6999
GeForce GTX 1650 (Mobile),6969
Radeon Pro W5500X,6967
RTX A500 Laptop GPU,6956
Intel Arc A770M,6955
Quadro P2000,6925
Quadro T2000 with Max-Q Design,6913
Ryzen 7 6800HS with Radeon Graphics,6867
Radeon Ryzen 9 6900HS,6861
Radeon Pro 5500M,6817
Radeon RX 6500,6802
GeForce GTX 970XM FORCE,6707
Radeon R9 285,6680
Quadro T1000 with Max-Q Design,6675
Quadro M4000,6661
Radeon Ryzen 7 6800HS,6657
Quadro P3000,6622
Quadro T1000,6612
Radeon RX Vega M GH,6581
Radeon Pro WX 7130,6578
T600,6481
AMD Ryzen Z1 Extreme,6461
GeForce GTX 1650 Ti with Max-Q Design,6390
Radeon Pro 570,6337
Ryzen 9 6900HS with Radeon Graphics,6331
GeForce GTX 1050 Ti,6302
Radeon R9 380X,6242
Radeon R9 280X,6241
Quadro M4000M,6239
Radeon R9 380,6229
Radeon 680M Ryzen 7 7735HS,6180
FirePro W9000,6138
P106-100,6106
GeForce GTX 1650 with Max-Q Design,6103
GeForce MX570 A,6069
Radeon Ryzen 9 7950X 16-Core,6067
GeForce MX570,6040
GeForce GTX 960,6039
Quadro K5200,6015
Radeon Pro 5300M,5986
GRID P100-16Q,5945
Tesla K80,5940
GeForce GTX 1050 Ti (Mobile),5919
GeForce GTX 770,5901
Ryzen 9 PRO 6950H with Radeon Graphics,5828
A16,5797
Ryzen 9 PRO 6950H,5759
Radeon Ryzen 7 PRO 6850H,5750
GeForce GTX 970M,5724
Radeon Ryzen 7 7736U,5688
Radeon PRO Ryzen 7 PRO 6850U,5678
Radeon Pro WX 5100,5653
Radeon Ryzen 7 7735H,5626
Ryzen 9 5900HS with Radeon Graphics,5612
Radeon R9 280,5596
Ryzen 7 PRO 6850U,5581
NVIDIA A40-12Q,5573
Radeon Ryzen 7 6800H,5566
Radeon HD 7990,5566
Radeon R9 285 / 380,5550
GeForce GTX 680,5537
GRID M60-8A,5523
GeForce GTX 690,5515
Quadro M3000M,5499
GeForce GTX 760 Ti OEM,5427
Ryzen 9 6900HX,5416
Radeon Ryzen 7 6800HS Creator Edition,5373
Radeon RX 5500M,5365
GRID P40-4Q,5365
GeForce GTX 1050 Ti with Max-Q Design,5361
GeForce GTX 950,5345
Ryzen 7 6800HS Creator Edition,5345
FirePro W7100,5321
GeForce GTX 670,5308
Ryzen 7 7735HS with Radeon Graphics,5307
Radeon Ryzen 7 7735HS,5302
Radeon Pro Vega 20,5264
Radeon Ryzen 9 6900HX,5264
Radeon 760M,5261
Radeon HD 7970 / R9 280X,5248
Ryzen 7 6800H,5248
Ryzen 7 6800HS,5237
Intel Arc Pro A40/A50,5224
Radeon HD 8990,5214
GRID M60-2Q,5203
Radeon Ryzen 7 PRO 6850HS,5166
Q12U-1,5164
Radeon Ryzen 7 PRO 6850U,5152
Radeon R9 M295X,5150
GeForce GTX 760 Ti,5145
Quadro P2000 with Max-Q Design,5132
GeForce GTX 1050 3GB,5116
Ryzen 7 PRO 6860Z,5077
Radeon Ryzen 7 7735U,5074
Ryzen 9 PRO 6950HS with Radeon Graphics,5068
FirePro S9000,5059
GRID T4-16Q,5055
EIZO Quadro MED-XN51LP,5048
GeForce GTX 1050,5044
Ryzen 7 PRO 6850U with Radeon Graphics,5043
Radeon R9 M395X,5038
Radeon R9 M395,5024
Ryzen 7 6800U,5006
GeForce GTX 1630,4991
Radeon Ryzen 7 4800HS,4984
Radeon Instinct MI25 MxGPU,4979
Barco MXRT 7600,4944
Ryzen 7 6800H with Radeon Graphics,4922
Radeon R9 270X,4912
FirePro S9050,4901
Ryzen 7 6800U with Radeon Graphics,4845
GRID P40-2Q,4844
T550 Laptop GPU,4793
Ryzen 7 PRO 6860Z with Radeon Graphics,4789
GRID RTX6000P-6Q,4777
GeForce GTX 760,4776
FirePro S10000,4768
Radeon HD 7950 / R9 280,4765
Radeon Sky 500,4736
GRID P40-24Q,4728
Radeon R9 370,4722
Radeon Pro Vega 16,4683
Ryzen 9 6900HX with Radeon Graphics,4680
GRID V100D-2Q,4668
Radeon Pro WX Vega M GL,4643
Radeon HD 7870,4637
Radeon Ryzen 7 PRO 6860Z,4637
Matrox LUMA A310F,4560
B8DKMDAP,4557
GeForce MX550,4543
GeForce GTX 580,4539
Radeon Pro 465,4538
FirePro S7000,4524
Radeon Ryzen 7 6800U,4520
GRID T4-8Q,4519
Radeon R7 370,4514
Tesla K40c,4495
Radeon HD 7870 XT,4470
GeForce GTX 1050 (Mobile),4462
GRID M60-1B,4457
Citrix Indirect Display Adapter,4447
GRID P6-4Q,4429
Quadro P1000,4417
GeForce GTX 660 Ti,4373
FirePro W7000 Adapter,4362
GRID GTX P40-6,4340
Tesla K20m,4331
Quadro K4200,4315
Quadro M2200,4315
Radeon RX 5300M,4307
Radeon R9 270,4306
GRID RTX6000P-4Q,4283
FirePro W7000,4260
Radeon R9 270 / R7 370,4260
GRID M60-1Q,4251
RTXA6000-8Q,4237
NVIDIA A40-4Q,4230
NVIDIA A40-8Q,4220
Radeon Ryzen 5 7535HS,4180
Intel Arc A380,4174
Radeon Ryzen 5 6600H,4160
GRID V100D-8Q,4156
GeForce GTX 680MX,4142
Radeon RX 460,4113
FirePro W8000,4096
Radeon 660M Ryzen 5 7535HS,4078
Radeon PRO Ryzen 5 PRO 6650U,4067
RadeonT 660M Ryzen 5 7535HS,4042
GeForce GTX 480,4040
Radeon HD 7800-serie,4029
Radeon Ryzen 7 4800H,4010
GeForce GTX 660,3998
P104-100,3996
A40-24Q,3973
Quadro K5000,3973
GRID RTX8000-4Q,3961
Quadro M2000,3953
GeForce GTX 1050 with Max-Q Design,3938
GRID P6-2Q,3926
GeForce GTX 570,3916
Radeon Ryzen 9 PRO 6950HS,3902
GeForce GTX 780M,3901
GeForce GTX 750 Ti,3901
GRID M60-8Q,3884
Radeon Ryzen 9 7900 12-Core,3883
Radeon HD 8970M,3876
Intel Arc A310,3876
Radeon Ryzen 5 6600HS Creator Edition,3851
Radeon HD 7850,3850
Radeon Ryzen 5 7535U,3850
Radeon HD 7970M,3847
GRID RTX8000P-2Q,3843
GRID P100-8Q,3841
GRID M60-4Q,3831
GRID V100-2Q,3811
GeForce GTX 880M,3790
Radeon Pro WX 4100,3764
Barco MXRT 7500,3753
Ryzen 7 PRO 6850HS with Radeon Graphics,3736
GeForce MX450,3733
Ryzen 5 PRO 6650H with Radeon Graphics,3727
GeForce GTX 965M,3717
Eng Sample: 100-000000545-40_Y,3692
T400 4GB,3691
Matrox LUMA A310,3690
Ryzen 5 6600HS Creator Edition,3686
Ryzen 5 7535HS with Radeon Graphics,3680
Radeon Pro 560X,3678
Ryzen 5 6600H with Radeon Graphics,3674
T500,3662
Radeon R9 M485X,3661
Radeon Ryzen 5 PRO 6650U,3651
Intel Arc A370M,3646
Radeon RX 560,3641
Radeon RX Vega M GL,3623
T400,3619
Quadro P620,3588
Ryzen 5 PRO 6650U with Radeon Graphics,3575
GRID RTX8000-2Q,3574
GeForce GTX 680M KY_Bullet Edition,3569
GRID M6-8Q,3568
Radeon Ryzen 5 6600U,3563
Quadro K2200,3545
Ryzen 5 7535U with Radeon Graphics,3529
Ryzen 5 PRO 6650U,3519
GRID K520,3516
Quadro 7000,3505
Tesla M10,3490
Radeon Pro 560,3475
Quadro M2000M,3455
GeForce GTX 775M,3454
Radeon Pro 460,3453
GRID T4-2Q,3451
GeForce GTX 870M,3449
Quadro K2200M,3441
Tesla C2050 / C2070,3428
NVIDIA A10-4Q,3425
Radeon R9 M470X,3400
GeForce GTX 960M,3398
Radeon HD8970M,3369
Radeon E8870PCIe,3368
GeForce GTX 750,3358
GRID M10-1Q,3351
Radeon Ryzen 9 7900X 12-Core,3349
GeForce GTX 650 Ti BOOST,3349
Radeon R9 M390X,3346
GeForce GTX 590,3341
Tesla C2050,3323
GRID P4-8Q,3299
Tesla K40m,3281
Quadro M1200,3273
GRID T4-4Q,3260
Quadro P600,3249
GeForce 770M,3246
Eng Sample: 100-000000534-40_Y,3237
Radeon R9 M290X,3234
Ryzen 5 6600U with Radeon Graphics,3233
Ryzen 7 5800HS with Radeon Graphics,3214
GeForce GTX 680M,3206
Radeon RX 560X,3195
Radeon R9 260,3182
Radeon R7 260X,3165
FirePro V7000,3162
FirePro W7170M,3162
Radeon Pro 555,3141
Quadro K5100M,3121
Radeon Pro 455,3113
Tesla C2075,3093
Intel G35 Express,3090
Radeon HD 7790,3090
GeForce GTX 470,3082
Radeon R7 360,3070
GeForce GTX 860M,3047
EIZO MED-X5000,3038
GeForce GTX 560 Ti,3033
Radeon R9 360,3032
Radeon HD 6990,3013
GRID M10-4Q,2977
FirePro W5100,2969
FirePro W5000,2965
GRID K260Q,2949
Tesla K20Xm,2918
Ryzen 9 5900HX with Radeon Graphics,2915
Quadro M1000M,2904
Radeon R7 260,2892
Quadro K1200,2891
Ryzen 7 PRO 4700G with Radeon Graphics,2880
Radeon Ryzen 7 5800HS,2876
Eng Sample: 100-000000261-50_Y,2860
Radeon Pro V340 MxGPU,2853
Tesla C2070,2840
GRID K280Q,2840
Radeon HD 6970,2830
Quadro M620,2827
GeForce MX350,2826
FirePro W4300,2813
FirePro 3D V9800,2812
Ryzen 7 5700G with Radeon Graphics,2806
GeForce GTX 770M,2791
Radeon R9 M380,2770
Quadro K5000M,2763
Radeon Ryzen 9 5900H,2755
Custom GPU 0405,2752
FirePro M6100 FireGL V,2749
Radeon Ryzen 9 5980HS,2749
GeForce GTX 675MX,2748
Ryzen 7 5800H with Radeon Graphics,2748
GRID K2,2737
FirePro S7150,2727
FirePro V9800,2727
Radeon Pro 450,2723
GeForce GTX 560,2716
Ryzen 9 4900H with Radeon Graphics,2714
Quadro K4000,2703
GRID T4-1Q,2703
Barco MXRT 5500,2702
Radeon RX 550,2701
Radeon Ryzen 7 5800H,2700
Quadro 6000,2696
GRID M10-2Q,2692
Radeon Ryzen 7 4700GE,2686
Intel Iris Xe,2685
GeForce GTX 465,2684
Ryzen 7 Pro 4750G with Radeon Graphics,2682
Radeon HD 8950,2680
Radeon Eng Sample: 100-000000300-40_Y,2670
Ryzen 7 5700GE with Radeon Graphics,2656
FirePro R5000,2647
Quadro K4100M,2640
GRID P6-4A,2639
MONSTER GeForce GTX 675M,2637
Ryzen 7 PRO 7730U with Radeon Graphics,2634
Radeon Ryzen 7 PRO 7730U,2631
Radeon HD 6950,2630
GRID M10-8Q,2606
Ryzen 5 5600GE with Radeon Graphics,2602
GRID T4-2B,2601
Radeon Ryzen 7 PRO 4750G,2599
Radeon Ryzen 7 4700G,2597
GeForce GTX 950M,2591
Ryzen 5 5600G with Radeon Graphics,2574
Radeon Ryzen 9 4900H,2571
GeForce GTX 950A,2568
Ryzen 7 PRO 4750GE with Radeon Graphics,2550
Ryzen 7 PRO 5750GE with Radeon Graphics,2547
GRID K240Q,2541
GeForce GTX 650 Ti,2535
GeForce GTX 850M,2535
Radeon HD 6850 X2,2534
Ryzen 9 5980HS with Radeon Graphics,2534
FireStream 9370,2528
N18E-Q1,2525
Ryzen 5 PRO 5650G with Radeon Graphics,2501
Ryzen 7 4700GE with Radeon Graphics,2496
GeForce GT 1030,2489
Radeon Pro WX 3100,2489
Radeon Ryzen 5 5600GE,2471
GeForce MX330,2471
Barco MXRT 5600,2466
Radeon Ryzen 7 7700X 8-Core,2466
Radeon Eng Sample: 100-000000146-40_42/35_Y,2464
Ryzen 5 PRO 5650GE with Radeon Graphics,2459
Radeon Ryzen 7 7730U,2458
Ryzen 7 PRO 5750G with Radeon Graphics,2443
GeForce MX250,2442
FirePro 3D V8800,2438
Radeon Ryzen 5 5600H,2429
Ryzen 5 Pro 4650G with Radeon Graphics,2423
Radeon Eng Sample: 100-000000262-30_Y,2416
Ryzen 5 4600G with Radeon Graphics,2412
GeForce GTX 960A,2411
Ryzen 5 5600H with Radeon Graphics,2411
Radeon Pro WX 3200,2408
Radeon RX Vega 11 PRD,2402
Ryzen 7 7730U with Radeon Graphics,2400
Radeon Pro WX 4150,2396
Radeon Ryzen 7 5800U,2395
Radeon Ryzen 7 5825U,2379
Ryzen 5 PRO 7530U with Radeon Graphics,2372
Radeon Eng Sample: 100-000000285-40_Y,2365
GeForce GTX 485M,2360
FirePro W6150M,2358
Ryzen 7 5800U with Radeon Graphics,2358
Ryzen 5 7530U with Radeon Graphics,2356
Ryzen 7 4800U with Radeon Graphics,2344
P106-090,2343
GRID M10-2B,2333
Radeon R9 M470,2331
Radeon Pro,2325
Ryzen 7 5825U with Radeon Graphics,2319
GRID M10-1B,2310
Radeon HD 5970,2308
Ryzen 5 PRO 4400G with Radeon Graphics,2306
FirePro V7900,2305
Radeon Ryzen 5 4400G,2296
Ryzen 3 PRO 5350G with Radeon Graphics,2290
Radeon Ryzen 7 4800U,2288
FirePro V8800,2281
Radeon RX Vega Ryzen 5 5500U,2280
GeForce MX150,2279
Ryzen 7 PRO 5850U with Radeon Graphics,2277
Radeon Ryzen 5 PRO 5650GE,2275
Radeon Ryzen 7 5700U,2275
Radeon RX 550X,2275
Radeon Ryzen 7 Microsoft Surface Edition,2273
Radeon Ryzen 7 5800HS Creator Edition,2271
Radeon HD 6970M,2270
Radeon R7 250X,2269
Quadro K3100M,2268
Intel HD 5600,2264
Ryzen 5 4600H with Radeon Graphics,2263
Radeon Vega 11 Ryzen 5 PRO 3350G,2261
Intel UHD Graphics P630,2257
GeForce GTX 460,2256
Ryzen 3 4300GE with Radeon Graphics,2252
Ryzen 7 5700U with Radeon Graphics,2247
Quadro K620,2238
Ryzen 3 PRO 5350GE with Radeon Graphics,2233
Radeon Ryzen 7 PRO 4750GE,2231
Intel Iris Pro P580,2231
Ryzen 7 Extreme Edition,2227
GRID P100-1B,2223
Radeon Ryzen 5 7530U,2220
Radeon HD 6870,2216
Radeon HD 5870,2215
Radeon Ryzen 5 PRO 4655GE,2201
Ryzen 7 4700G with Radeon Graphics,2187
Ryzen 5 5600U with Radeon Graphics,2182
Radeon Ryzen 5 PRO 5650G,2178
Radeon HD 7770,2172
Radeon Ryzen 5 5625U,2164
GeForce GTX 745,2150
FirePro M6100,2148
Quadro M600M,2146
Radeon RX Vega 11 Ryzen 5 3400G,2144
Ryzen 3 Pro 4350G with Radeon Graphics,2144
Radeon Ryzen 7 4850U Mobile,2138
RadeonT RX Vega 11,2131
Radeon Ryzen 3 PRO 7330U,2126
Radeon RX Vega 11,2125
Radeon Ryzen 5 5500U,2120
Ryzen 5 5560U with Radeon Graphics,2114
Ryzen 7 4800H with Radeon Graphics,2113
Radeon Ryzen 5 7600 6-Core,2107
Radeon TM R9 A360,2105
FirePro M5100,2103
Quadro P520,2100
Radeon Ryzen 7 PRO 5875U,2090
Radeon Ryzen 5 Microsoft Surface Edition,2088
Ryzen 5 PRO 4650GE with Radeon Graphics,2086
Radeon Ryzen 5 PRO 4500U,2078
Radeon Ryzen 5 5600U,2076
GeForce GTX 580M,2074
GRID M6-1Q,2069
Ryzen 7 PRO 5875U with Radeon Graphics,2067
GeForce 945M,2063
Quadro 5000M,2060
Radeon RX Vega 11 Ryzen 5 3400GE,2057
Radeon Ryzen 7 4700U,2053
Ryzen 5 PRO 5650U with Radeon Graphics,2040
Ryzen 7 4700U with Radeon Graphics,2034
Ryzen 7 PRO 4750U with Radeon Graphics,2030
Radeon Ryzen 7 PRO 4750U,2030
FirePro V7800,2028
Radeon R9 350,2019
GeForce GTX 460 SE,2011
Radeon Pro W5500M,2010
Intel Iris Xe MAX,2010
Ryzen 5 5500U with Radeon Graphics,2008
Ryzen 5 PRO 4500U with Radeon Graphics,2008
GeForce GT 645,2006
Ryzen 3 5300GE with Radeon Graphics,2005
Radeon R9 M385X,1994
Ryzen 5 5625U with Radeon Graphics,1991
GeForce GTX 765M,1989
Intel Iris Pro 580,1988
Ryzen 3 PRO 7330U with Radeon Graphics,1985
Radeon R7 + R7 350 Dual,1982
Radeon Ryzen Embedded V2718,1982
Radeon HD 5850,1980
Radeon Ryzen 5 5560U,1977
Radeon HD 6850,1971
Ryzen 3 5300G with Radeon Graphics,1969
Radeon R7 + HD 7700 Dual,1962
Radeon HD 7660D + HD 7700 Dual,1958
Radeon Vega 8 Ryzen 3 3200G,1956
GeForce GTX 470M,1953
Radeon R7 450,1938
Intel Iris Xe MAX 100,1927
GeForce GTX 460 v2,1927
GeForce GTX 675M,1925
Qualcomm Adreno 8cx Gen 3,1924
Quadro 5000,1924
Radeon RX 570X,1923
GeForce GTX 670MX,1921
Radeon HD 7560D + 7700 Dual,1919
GeForce GTX 560 SE,1914
Matrox C680 PCIe x16,1904
Radeon HD 7700-serie,1899
Radeon RX 540,1897
Ryzen 3 4300G with Radeon Graphics,1897
RadeonT Vega 8,1894
Radeon HD 8670D + HD 7700 Dual,1892
Radeon RX 640,1888
Ryzen 5 4600U with Radeon Graphics,1878
Radeon Pro WX 4130,1878
Ryzen 3 PRO 4350GE with Radeon Graphics,1876
GeForce GTX 570M,1874
Quadro M520,1870
GeForce GTX 645,1869
Quadro K4000M,1868
FirePro 3D V7800,1867
Radeon Vega 11 Ryzen 5 PRO 3400G,1864
Radeon Eng Sample: 100-000000287-40_Y,1862
GeForce MX130,1859
Radeon RX Vega 11 Ryzen 7 3750H,1856
Radeon R9 M385,1853
GeForce 945A,1852
Radeon Ryzen Embedded V2748,1842
FirePro M5100 FireGL V,1839
GRID M60-0B,1838
GeForce MX230,1836
Radeon HD 8570D + HD 7700 Dual,1835
Radeon RX Vega 10 Ryzen 7 3750H,1829
MxGPU,1826
Radeon Vega 11,1825
Radeon R9 M360,1824
Intel Iris Plus,1824
Intel UHD Graphics 770,1824
FirePro M6000,1820
Ryzen 5 4500U with Radeon Graphics,1816
Matrox C900 PCIe x16,1812
Radeon Ryzen 5 PRO 5675U,1805
Radeon Pro WX 2100,1801
Radeon HD 8870M / R9 M270X / M370X,1800
Radeon RX Vega 11 Processor,1799
Ryzen 3 PRO 4200G with Radeon Graphics,1799
Embedded Radeon E9173,1798
Radeon Ryzen 5 4600GE with Radeon Graphics,1793
Radeon HD 8670D + 7700 Dual,1789
Radeon Ryzen 3 PRO 5450U,1779
Radeon RX Vega 10 Ryzen 5 3500U,1778
Quadro 5010M,1772
Radeon R9 M375X,1771
PCI\VEN_1002&DEV_164E&SUBSYS_D0001458&REV_C7 Ryzen,1767
Radeon Ryzen 5 7600X 6-Core,1764
Ryzen 3 7330U with Radeon Graphics,1759
Radeon Vega 11 Ryzen 5 PRO 3400GE w/,1756
GeForce GTX 650,1752
FirePro M6000 Mobility Pro,1750
Radeon Ryzen 5 PRO 7645 6-Core,1749
Ryzen 3 PRO 4200GE with Radeon Graphics,1748
Radeon Ryzen Embedded R2544,1748
Intel Iris Plus 655,1747
GeForce GTX 670M,1746
Intel UHD Graphics 750,1745
Ryzen 5 PRO 5675U with Radeon Graphics,1733
Radeon Ryzen 9 PRO 7945 12-Core,1731
Radeon HD 5830,1730
Intel Iris Plus 645,1727
Intel UHD Graphics P750,1726
Radeon Ryzen 3 7330U,1724
Radeon 550,1723
Radeon Vega 8 Ryzen 3 3200GE,1722
Firepro W5170M,1716
Radeon HD 6900M,1712
Ryzen 5 PRO 4650U with Radeon Graphics,1711
Radeon Vega 8 Ryzen 3 PRO 3200G,1710
Radeon Ryzen 7 7800X3D 8-Core,1708
GeForce GTX 760M,1702
Radeon HD 7750,1699
Radeon Ryzen 7 7700 8-Core,1691
Radeon E8860,1686
Radeon Eng Sample: 100-000000263-30_Y,1684
PCI\VEN_1002&DEV_164E&SUBSYS_D0001458&REV_C2 Ryzen,1681
Radeon Vega 8 Ryzen 5 3550H,1679
Ryzen 3 5425U with Radeon Graphics,1677
Radeon R7 M380,1669
FirePro W600,1662
GeForce GT 755M,1657
Radeon HD HD7850M,1652
Radeon RX Vega 10,1648
Quadro K3000M,1643
Intel UHD Graphics 730,1641
FirePro M4000 Mobility Pro,1640
Radeon HD 8870M,1638
Ryzen 3 5400U with Radeon Graphics,1629
Intel Iris Pro P6300,1626
Radeon R7 M465X,1624
Radeon Vega 8 Ryzen 3 PRO 3200GE w/,1622
Ryzen 7 2700U with Radeon Vega,1617
GeForce GTX 480M,1617
Radeon Ryzen 3 5425U,1612
FirePro M4000,1610
Radeon RX Vega11,1605
Seria Radeon HD 7700,1604
Radeon HD 6790,1602
Radeon Vega 10 Ryzen 7 PRO 3700U w/,1602
Ryzen 3 PRO 5450U with Radeon Graphics,1601
Quadro P400,1599
Radeon Vega 8,1584
Quadro K2000D,1582
Radeon Vega 9,1582
Intel Iris Plus 650,1576
Radeon R9 M275X / M375,1575
Radeon Athlon Gold PRO 4150GE,1574
Radeon RX Vega 11 Ryzen 5 3350G,1572
GeForce GTX 555,1572
Quadro K2000,1568
Quadro P500,1565
Radeon Vega 10,1563
Radeon HD 7560D + HD 6670 Dual,1555
FirePro W4100,1549
Radeon HD 8470D + HD 7500 Dual,1545
Ryzen 3 5300U with Radeon Graphics,1545
Ryzen 3 PRO 4300U with Radeon Graphics,1543
Radeon Ryzen 3 5300U,1542
Ryzen 3 PRO 4450U with Radeon Graphics,1539
FirePro V8700,1539
Radeon R9 M275X,1537
GeForce GTX 550 Ti,1533
Radeon R7 FX-9830P RADEON,1516
GeForce GTX 285,1515
Radeon HD 4890,1514
GeForce 940MX,1510
Radeon R9 M370X,1509
Radeon Vega 6 Ryzen 3 3350U,1508
Radeon HD 7870M,1507
GeForce 845M,1507
Ryzen 5 2500U with Radeon Vega,1503
Radeon RX Vega 10 Ryzen 7 3700U,1502
Radeon Ryzen 9 7950X3D 16-Core,1498
GeForce GT 740,1493
Radeon HD 6670 + 7660D Dual,1492
Radeon Ryzen 5 PRO 4655G,1490
Radeon Ryzen 7 PRO 7745 8-Core,1487
Radeon HD 7660D + HD 6670 Dual,1485
Quadro 4000,1482
Radeon R9 M365X,1482
Intel UHD Graphics,1479
Radeon RX Vega 8,1474
Radeon Vega 10 Mobile,1473
Radeon 550X,1467
Radeon R9 255,1457
GeForce MX110,1453
Intel Iris Pro Graphics 6200,1450
GeForce GTX 660M,1443
Ryzen 5 PRO 4400GE with Radeon Graphics,1442
Radeon Eng Sample: 100-000000085-40_35/24_Y,1441
Radeon HD 8470D + HD 6670 Dual,1436
Radeon Vega 9 Ryzen 5 Microsoft Surface Edition,1435
Radeon 540X,1433
Intel Iris 650,1433
Ryzen 3 PRO 5475U with Radeon Graphics,1432
Radeon Ryzen 3 PRO 4355GE,1432
Radeon HD 7560D + 7670 Dual,1426
Radeon Vega 6 Ryzen 3 PRO 3300U w/,1426
Radeon Vega 8 Mobile,1423
Radeon R7 M370,1418
GeForce GTX 275,1416
Radeon Vega 8 Ryzen 5 3500U,1410
Radeon Pro WX 4170,1409
Intel Iris 550,1401
Radeon Ryzen 7 3700U,1401
Radeon HD 4870,1397
Radeon HD 7560D + HD 7670 Dual,1380
FirePro W5130M,1379
Radeon HD 7850M,1373
FirePro M40003,1364
Radeon HD 8670D + 6670 Dual,1361
Quadro K2100M,1360
Radeon RX Vega11 Ryzen 7 Microsoft Surface Edition,1357
Radeon 540,1352
Radeon HD 7560D + HD 7700 Dual,1347
Ryzen 3 4300U with Radeon Graphics,1343
Radeon HD 5770,1343
Intel Iris Plus 640,1343
FireStream 9270,1341
Radeon Vega 3 Athlon Gold 3150G,1334
Radeon Vega 8 Ryzen 5 PRO 3500U w/,1331
GeForce 930A,1325
Radeon RX Vega 10 Ryzen 7 PRO 3700U w/,1323
Radeon HD 8670D + HD 7600 Dual,1318
Quadro 4000M,1317
FirePro M5950,1314
Radeon Vega 6 Ryzen 3 3300U,1314
GeForce GTS 450,1313
Radeon R7 PRO A8-8670E,1310
Radeon Vega 6,1310
Radeon HD 4870 X2,1309
GeForce GT 750M,1306
Tesla M2070-Q,1306
Radeon HD 8790M,1306
TENSOR 1.0 Driver Intel HD 630,1300
GeForce 930MX,1298
"Radeon R7 PRO A6-9500 R5, 8 COMPUTE CORES 2C+6G",1293
Radeon Vega 9 Ryzen 5 3550H,1287
Radeon R7 A370,1281
RadeonT 610M,1277
FirePro 3D V8750,1272
FirePro V5900,1270
Radeon HD 8570D + HD 6670 Dual,1261
GeForce GTX 280,1260
Radeon HD 7560D + HD 7600 Dual,1258
Intel UHD Graphics 630,1254
Intel Iris 540,1250
Radeon 630,1245
Radeon HD 6770,1242
Quadro 2000 D,1239
Radeon HD 8570D + 6570 Dual,1239
Radeon HD 7660D + 6670 Dual,1238
Radeon HD 7560D + HD 6570 Dual,1237
Radeon R7 + R5 340 Dual,1235
Radeon Vega 8 Ryzen 5 3450U,1234
Radeon R7 + R7 250 Dual,1232
FirePro 3D V5800,1232
GeForce GTX 460M,1231
GeForce GTX 260,1229
GeForce GTX 760A,1226
GeForce GTX 560M,1222
Radeon HD 8670D + HD 6670 Dual,1222
Quadro FX 5800,1217
Radeon HD 8790M / R9 M290X,1211
Radeon HD 7730,1209
FirePro 3D V8700,1206
N16P-GX,1205
Radeon HD 7660D + 7540D Dual,1204
GeForce GT 650M,1204
Radeon R9 M270X,1204
GeForce GT 745A,1201
GeForce GPU,1200
Intel Iris Pro 5200,1197
Radeon HD 7750M,1191
Radeon R7 +8G,1191
GeForce GTX 295,1188
GeForce GT 640,1181
GeForce 840A,1180
FirePro V5800,1178
Radeon R7 Opteron X3421,1169
Quadro M500M,1168
Intel HD P630,1165
FireStream 9250,1165
Firepro W4190M,1164
Radeon Ryzen Embedded V2516,1164
Quadro K620M,1162
Radeon HD 5750,1162
NVS 810,1161
Barco MXRT 5400,1161
Intel Coffee Lake UHD,1158
Intel HD P530,1154
Radeon R7 M465,1150
Radeon 610M,1143
Radeon R7 A8-7690K,1141
Radeon HD 8850M / R9 M265X,1140
GeForce 830A,1138
Radeon R7 A10-7870K,1138
Radeon R7 A10-9700E RADEON,1138
Radeon HD 4850 X2,1132
Radeon HD 7560D + 6670 Dual,1131
Radeon HD 8650G + 7700M Dual,1126
Radeon HD 7660D + 7500 Dual,1121
FirePro M4170,1119
GeForce 940M,1119
Radeon R7 A12-9800 RADEON,1118
Radeon R9 M275,1115
Radeon 625,1114
Radeon R7 M460,1114
Intel HD 630,1112
GeForce 940A,1107
GeForce GT 545,1103
Radeon HD 7660D + 6570 Dual,1100
Quadro 2100M,1100
Radeon R7 430,1097
Radeon R7 M350,1097
Radeon R5 PRO A6-9500 2C+6G,1096
GeForce GT 745M,1094
GeForce GTX 850M - MODDED,1092
Mobility Radeon HD 5870,1092
Radeon R7 250,1088
Intel UHD Graphics 710,1087
GeForce 920MX,1085
Radeon R9 M265X,1085
Quadro K1100M,1082
MIRRORV3,1081
GeForce 840M,1081
Barco MXRT 5450,1079
Radeon R7 + R7 200 Dual,1077
Radeon 535,1072
Radeon HD 8450G + 8600/8700M Dual,1070
Radeon Ryzen 5 3450U,1063
Radeon HD 7660D + 7670 Dual,1062
Radeon Ryzen Embedded R2514,1061
Radeon HD 7520G + 7700M Dual,1061
Firepro M4100,1059
OPAL XT/GL,1053
Radeon HD 7670A,1050
GeForce GTX 850A,1050
Radeon R7 A12-9730P RADEON,1047
Radeon R7 + R7 240 Dual,1045
Radeon Vega 3 Athlon 3000G,1044
Radeon Vega 3 Athlon 300GE,1044
Radeon HD 8570D + 6670 Dual,1040
Intel UHD Graphics 620,1039
Radeon HD 8570D + HD 8570 Dual,1033
FirePro W4170M,1032
Radeon HD 8600/8700M,1030
Radeon R7 + R5 330 Dual,1028
Radeon R7 340,1027
Radeon HD 6750,1027
Radeon Vega 3 Mobile,1025
Radeon R9 A375,1024
Radeon HD 8670D + R7 240 Dual,1020
Radeon HD 6700M,1017
Quadro K2000M,1016
Quadro 3000M,1015
Radeon R5 A6-9500E 2C+4G,1015
Radeon RX Vega 6,1015
GeForce 930M,1015
Radeon R7 M260X,1010
Radeon HD 7690M XT,1009
GeForce 830M,1007
Radeon HD 7690M,1003
Radeon 530,1003
Radeon HD 7660G + HD 7500/7600 7500/7600 Dual,1002
Radeon HD 8570D + R7 200 Dual,999
Radeon HD 7660G + HD 7500M/7600M Dual,999
Intel HD 530,997
Radeon HD 7640G + HD 8750M Dual,997
Radeon R7 A265,994
Quadro FX 4800,991
Radeon HD 7560D + 7570 Dual,985
"Radeon R5 PRO A6-8570 R5, 8 COMPUTE CORES 2C+6G",985
Radeon HD 8690M,984
Radeon R5 340,984
Radeon HD 7560D + 7560D Dual,983
Radeon R7 A10-7850K,981
Quadro 2000D,980
Radeon R5 A10-9630P 4C+6G,977
FirePro V4900,977
Radeon HD 8670D + 8570 Dual,974
Radeon HD 8850M,973
Qualcomm Adreno 690 GPU,973
Radeon R7 PRO A10-9700E,972
Radeon R6 A10-9600P 4C+6G,970
Radeon R7 PRO A12-8870E,967
Radeon HD 7660G N HD 7660G + HD 7700M N HD 7700M D,967
Radeon HD 6770M,964
Radeon HD 8570D + R7 240 Dual,964
Radeon HD 8570,963
Radeon R7 PRO A8-9600,963
Radeon R7 M270DX,962
TENSOR 1.0 Driver Intel HD 530,958
Radeon HD 8750M,956
Radeon R6 Opteron X3418,955
Radeon HD 8670D + R7 200 Dual,950
Radeon HD 8570 + HD 7660D Dual,949
Quadro CX,947
Radeon HD 6670/7670,946
Radeon HD 7640G + 7690M Dual,946
Radeon R7 PRO A10-8850B,945
zxcvIntel HD 620,944
Quadro 2000,943
Radeon R5 430,942
Radeon HD 7660D + R7 240 Dual,942
Radeon R9 M375,941
Radeon R7 A12-9800E RADEON,941
Radeon R7 M445,940
Radeon HD 4850,939
Radeon HD 6750M,937
Radeon R7 PRO A12-9800E,937
Radeon HD 7560D + HD 8570 Dual,936
Radeon R7 PRO A12-9800,933
Radeon HD 7660G + 7730M Dual,931
Radeon R7 240 + HD 8670D Dual,930
FirePro M4150,929
Radeon R7 A10-9700 RADEON,929
Intel HD Graphics 620,927
Intel Iris Pro 6100,925
Radeon Vega 3 Athlon Gold PRO 3150GE,920
GeForce GT 645M,920
Radeon R7 240 + HD 8570D Dual,918
Radeon R7 A10 PRO-7850B,915
GRID M10-0Q,914
Intel Iris 6100,913
GeForce GT 640M,913
Radeon R7 A8-8650,913
GRID K220Q,912
GRID M6-0B,912
Radeon 6750M,911
Radeon R7 A8-7500,908
Radeon R7 A10-7860K,907
GRID P40-6Q,905
"Radeon R5 A6-9500 RADEON R5, 8 COMPUTE CORES 2C+6G",901
Radeon HD 8550G + 7600M Dual,901
Barco MXRT 7400,901
Barco MXRT 2600,900
Radeon R7 + R5 Dual,898
Radeon 620,897
7900 MOD - Radeon HD 6550D,893
Radeon R7 M440,893
Qualcomm Adreno 685 GPU,893
Intel UHD Graphics 617,893
FirePro W2100,892
Radeon HD 4770,888
Radeon Vega 3,888
Radeon R7 240,887
Radeon R7 + R5 435 Dual A10-9700 RADEON,886
Radeon R7 PRO A10-8770,886
Radeon HD 8650G + 7670M Dual,884
Radeon HD 7660G + HD 7730M Dual,882
Radeon E6760,877
Intel HD 520,872
Radeon R7 G,870
Radeon HD 8570D + HD 6570 Dual,868
Radeon Vega 3 Ryzen 3 3200U,866
Mobility Radeon HD 4850,866
Radeon HD 8470D + HD 6450 Dual,863
Radeon Vega 3 Athlon 300U,861
Intel HD 6000,859
Radeon 520,858
Radeon R7 PRO A12-8870,857
Radeon HD 8550G + HD 7600M Dual,855
FirePro 3D V4800,854
Radeon R5 A6-9500 2C+6G,853
Radeon R7 A8-7500 4C+6G,853
Radeon HD 8500M/8700M,853
GeForce 920A,850
Radeon R7 A8-7670K,849
Radeon R5 PRO A6-8570 2C+6G,847
Radeon Vega 3 Athlon Silver 3050U,845
Radeon R7 A10-8750,844
Radeon R7 A8-9600 RADEON,843
Radeon R5 435,841
FireGL V8600,839
Radeon HD 8470D + 6570 Dual,838
Radeon HD 8670D + R5 235 Dual,837
GeForce GT 635,836
Radeon HD 4830,836
Radeon HD 6650A,836
Radeon R7 A10 PRO-7800B,835
Radeon HD 7560D + 6570 Dual,833
"Radeon R5 PRO A6-9500 R5, 8 COMPUTE CORES 2C+6G",833
Radeon HD 7520G + HD 7500/7600 Dual,832
Radeon HD 8650G + 8600/8700M Dual,832
Radeon HD 7660G + 7600M Dual,832
Intel HD 5200,830
GRID M60-0Q,827
GeForce GT 730,827
"Radeon R5 A10-9630P RADEON R5, 10 COMPUTE CORES 4C",825
Radeon HD 7640G N HD 7640G + HD 7600M N HD 7600M D,824
Radeon HD 3850 X2,822
Radeon HD 7540D + 7500 Dual,822
Radeon R7 A8-7680,821
Radeon HD 7670,821
Radeon HD 8650G + HD 7600M Dual,820
Radeon HD 8550G + HD 8750M Dual,819
Radeon R7 PRO A10-8770E,818
Radeon R7 M260DX,817
Radeon R7 FX-8800P,816
Radeon R7 A10 Extreme Edition,816
Radeon R9 M280X,814
Radeon Vega 3 Ryzen 3 3250U,813
GeForce GT 730M,813
Radeon HD 8670D + 7000 Dual,812
GeForce GT 445M,811
Radeon Ryzen 3 3250U,809
Radeon R7 PRO A10-9700,807
Mi Pad 5 Adreno 640 GPU,806
Radeon HD 8550G + 8600/8700M Dual,803
Radeon R5 M435,802
"Radeon R5 PRO A6-8570E R5, 6 COMPUTE CORES 2C+4G",800
Quadro FX 3800,800
Radeon HD 8650G + HD 8790M Dual,800
Radeon 535DX,799
Radeon HD 6800M,799
GeForce 9800 GX2,798
Radeon HD 8650G N HD 8650G + HD 8600/8700M Dual,796
Radeon HD 8550G + 8750M Dual,796
Radeon R8 M445DX,796
Radeon HD 5670,794
GeForce GT 740M,790
Quadro K1000M,788
Radeon R7 A10-7700K,788
A40-6Q,787
Radeon HD 8650G + 8750M Dual,787
GeForce 825M,784
Radeon R7 PRO A6-9500 2C+6G,781
Radeon R7 A365,781
Radeon RX Vega 6 Ryzen 3 3200U,781
Quadro 2000M,780
Radeon R7 A8-7600,780
Radeon HD 8650G + HD 8750M Dual,779
Radeon R7 A10-7890K,777
Radeon HD 7660G + HD 7700M Dual,777
Radeon HD 7640G + 7500M/7600M Dual,776
Radeon HD 7600M + 7600M Dual,773
Radeon HD 8650G N HD 8650G + HD 8570M Dual,773
Mobility Radeon HD 5000,773
Radeon R7 A10-8850,773
GeForce GT 440,773
GeForce 730A,772
Radeon Vega 3 Ryzen Embedded R1505G,772
Radeon R5 PRO A6-9500E 2C+4G,771
Radeon HD 4810,769
GeForce 9800 GTX,769
Radeon R7 M365X,768
Radeon R7 M270,767
Radeon HD 8650G + HD 8600/8700M Dual,764
Mobility Radeon HD 5850,763
Quadro K420,763
Radeon HD 6450 + 8470D Dual,763
Radeon HD 7660G + HD 7500/7600 Dual,760
Radeon R7 PRO A10-8750B,759
Radeon HD 7660G + HD 8500M Dual,758
Radeon HD 8650G + HD 8600M N HD 8600M Dual,758
Radeon HD 7660G + 7700M Dual,757
Quadro 1100M,755
Intel UHD Graphics 615,755
Radeon HD 7640G + 7450M Dual,754
Radeon HD 6650M,754
Radeon HD 8570D + HD 7000 Dual,753
Quadro K600,751
IncrediblE HD 4600,750
Radeon HD 7730M,750
Radeon M535DX,750
Radeon HD 7640G + 7650M Dual,747
Radeon HD 7660G + HD 8600/8700M Dual,747
Radeon HD 8670D + R5 330 Dual,746
Intel Iris 5100,746
Radeon HD 7660G + 7610M Dual,746
Radeon R5 235 + HD 7560D Dual,744
Radeon HD 7660G + 7670M Dual,743
Radeon R7 A12-9720P RADEON,743
GeForce GT 730A,743
Radeon HD 8650G + 7600M Dual,742
Radeon R7 A12-9700P RADEON,741
Radeon R7 FX-9800P RADEON,740
Intel Poison Ivy,739
GeForce GT 340,738
Radeon HD 7670M + 7670M Dual,738
Radeon R5 235 + HD 8570D Dual,738
Radeon R7 A8-7650K,734
Radeon R5 A10-9620P 4C+6G,732
Radeon HD 6670,731
Radeon R7 PRO A8-8650B,729
Radeon HD 7550M/7650M,729
GRID K140Q,728
GeForce 920M,726
Intel HD 615,725
Quadro K610M,723
Radeon HD 7660G N HD 7660G + HD 7600M N HD 7600M D,723
Radeon HD 8650G + R5 M200 Dual,723
Radeon HD 8730M,722
Asus GTX 650 FML II EC-EGPU,721
Mobility Radeon HD 4870,720
Radeon HD 7540D + 6570 Dual,720
Intel UHD Graphics 610,719
Radeon HD 8670D + HD 7000 Dual,719
Radeon R7 A10-7800,718
Radeon HD 8470D + 6450 Dual,717
Radeon Athlon Gold 3150U,716
Radeon HD 8650G + HD 8570M Dual,716
NVS 510,715
Radeon Vega 3 Athlon 320GE,715
"Radeon R5 A6-9500E RADEON R5, 6 COMPUTE CORES 2C+4",712
Radeon HD 7660G + HD 8670M Dual,711
Radeon HD 3870 X2,709
Radeon HD 6550A,708
Radeon HD 7660G + HD 7670M Dual,707
Radeon HD 7640G + 7600M Dual,706
Radeon HD 7660G N HD 7660G + HD 7670M Dual,705
Radeon HD 7640G + HD 7600M Dual,704
"Radeon R5 A10-9600P RADEON R5, 10 COMPUTE CORES 4C",703
TRINITY DEVASTATOR MOBILE,699
Radeon HD 7570M/HD 7670M,699
Intel HD 610,696
Radeon R5 PRO A10-8730B 4C+6G,695
Radeon R5 PRO A6-9500B 2C+4G,693
"Radeon R5 A10-9620P RADEON R5, 10 COMPUTE CORES 4C",693
Radeon HD 7640G + 7700M Dual,691
Radeon R5 PRO A6-8530B 2C+4G,690
Radeon HD 7640G + 8600/8700M Dual,689
Radeon HD 8650G + R5 M230 Dual,686
Radeon HD 8550D,685
Radeon HD 6630M,685
GeForce GT 630,683
GRID P40-3Q,681
Radeon Athlon Silver 3050U,680
Radeon HD 8650G N HD 8650G + HD 8600M N HD 8600M D,680
Radeon HD 7640G N HD 7640G + HD 7670M Dual,680
GeForce GT 530,679
GeForce GTS 160M,679
Radeon HD 7640G + HD 8670M Dual,677
Radeon R5 A6-7480,677
Radeon HD 8610G + R5 M200 Dual,676
Quadro FX 4700 X2,676
GeForce GT 640M LE,672
Radeon R8 M535DX,670
Radeon R7 PRO A10-9700B,670
Radeon R7 PRO A12-9800B,669
GeForce GT 740A,668
Radeon R7 A8 PRO-7600B,666
Radeon HD 7640G + HD 8500M N HD 8500M Dual,666
FirePro M7740,665
Radeon HD 8550G + 8690M Dual,664
GeForce GT 555M,664
Radeon R7 M340,662
Radeon HD 5600/5700,661
FireGL V7700,660
Radeon HD 2900 XT,660
Radeon R5 PRO A8-9600B 4C+6G,659
GeForce GT 140,658
GeForce GTS 360M,656
Radeon HD 7640G + 8750M Dual,655
Radeon HD 8550G + HD 8600/8700M Dual,655
Radeon HD 8650G + 8570M Dual,654
Radeon HD 7520G + HD 8750M Dual,651
GRID K1,651
GeForce GTX 285M,650
SUMO 9640,650
FirePro V3900,650
Radeon R5 M430,649
FireStream 9170,647
Radeon HD 6670 + 6670 Dual,647
Radeon HD 8610G + HD 8500M Dual,646
Radeon HD 7640G + 7670M Dual,645
Radeon HD 7540D + HD 6450 Dual,643
"Radeon R5 PRO A10-8730B R5, 10 COMPUTE CORES 4C+6G",643
GeForce 8800 Ultra,643
Radeon R5 PRO A6-8570E 2C+4G,638
Radeon HD 7640G + 7400M Dual,637
Radeon HD 8450G + 8750M Dual,637
GeForce 9800 S,636
Intel HD P4600/P4700,636
Radeon HD 8650G + 8670M Dual,635
Radeon HD 8650G + HD 7670M Dual,634
Radeon HD 7660D + HD 7000 Dual,634
Radeon HD 7610M,632
GeForce GT 710,632
NVS 5400M,631
Radeon HD 7640G + HD 7700M N HD 7700M Dual,631
Radeon HD 7660G + 7470M Dual,631
Intel HD 4600,630
Radeon R7 A360,630
Radeon HD 8510G + HD 8500M Dual,630
Intel HD 515,629
GRID K160Q,628
Intel HD 510,628
Radeon HD 2900 PRO,628
Qualcomm Adreno 680 GPU,628
Radeon HD 7640G + 7500/7600 Dual,627
Radeon HD 8650G + 8500M Dual,627
Radeon HD 7570,627
GeForce GT 735M,626
Radeon HD 7520G + HD 8600/8700M Dual,624
GeForce 810A,622
Radeon HD 7640G + HD 7400M Dual,621
Radeon HD 8570 + 8670D Dual,620
Radeon HD 8550G + R5 M200 Dual,619
Radeon R5 A10-9600P 4C+6G,619
Radeon HD 8550G + 8600M Dual,618
Radeon HD 7500G + 7500M/7600M Dual,617
FireGL V7600,616
GeForce 720A,614
Radeon R6,614
Radeon HD 8650G + 8600M Dual,613
Radeon Vega 3 Athlon Gold 3150U,613
GeForce GT 720,612
Radeon HD 8550G N HD 8550G + HD 8600M N HD 8600M D,612
7900 MOD - Radeon HD 6520G,610
Quadro K510M,610
Radeon HD 8610G + 8500M Dual,610
GeForce 9800 GTX/9800 GTX+,608
GeForce GTS 250,608
Radeon HD 7640G + HD 8500M Dual,607
Radeon HD 8650G + HD 8600M Dual,606
Radeon R6 M255DX,605
"Radeon R5 A6-9400 RADEON R5, 6 COMPUTE CORES 2C+4G",605
Intel HD P4600,605
Radeon Vega 3 3020e,605
"Radeon R6 PRO A8-8600B R6, 10 Compute Cores 4C+6G",604
Quadro FX 3800M,604
Radeon HD 8550G + 8500M Dual,603
GeForce GT 430,602
GeForce GT 720A,601
Radeon HD 8610G + 8670M Dual,600
Radeon R8 M365DX,600
Qualcomm Adreno 7c+ Gen 3,598
Radeon R7 PRO A12-8800B,597
Matrox C420 LP PCIe x16,597
Radeon HD 8510G + 8500M Dual,596
Radeon R5 M330,596
GeForce 8800 GTX,596
Radeon HD 7640G + 7470M Dual,595
Radeon R7 PRO A12-8830B,594
Radeon HD 8550G + HD 8600M Dual,594
Surface Duo Adreno 640 GPU,592
GeForce 910M,591
Radeon HD 7520G + 7600M Dual,591
Radeon HD 7640G + HD 7700M Dual,589
Radeon HD 8610G + 8600M Dual,589
Radeon HD 7520G + 7610M Dual,588
Radeon HD 7660G + 7400M Dual,588
Radeon HD 7660G + 8670M Dual,588
Radeon HD 7640G + HD 8600/8700M Dual,587
Radeon R5 A6-8500P,587
Radeon HD 7640G + 8500M Dual,586
Radeon HD 8650G + HD 8670M Dual,585
Intel HD 5500,585
GeForce GT 550M,583
Radeon R7 A8-7A8-7600,583
Radeon HD 7520G + 7500/7600 Dual,582
GeForce GT 820M,581
Radeon HD 8550G + 8670M Dual,579
Radeon HD 8450G + R5 M230 Dual,578
Radeon HD 8610G + HD 8670M Dual,578
GeForce GTS 240,577
Radeon HD 7620G + 8670M Dual,577
Intel Skylake HD DT GT2,577
Radeon R5 A240,576
GeForce GTX 280M,576
GeForce 8800 GTS 512,575
Intel HD 5000,575
Radeon HD 7520G + HD 7700M Dual,575
Radeon R5 420,575
Radeon HD 7520G N HD 7520G + HD 7500/7600 7500/760,575
Radeon HD 8450G + HD 8670M Dual,575
Radeon HD 7650A,574
Intel i gfx-driver-ci-master-9938 DCH-I,573
Quadro 500M,571
Radeon R6 + R7 M265DX Dual,571
Quadro 1000M,570
GeForce GTS 250M,569
Radeon HD 7560D + 6450 Dual,569
GeForce GT 635M,566
Radeon HD 6610M,565
Radeon R7E,565
Radeon HD 7560D + R5 235 Dual,563
Radeon R7 M360,563
"Radeon R5 PRO A8-9600B R5, 10 COMPUTE CORES 4C+6G",562
Radeon HD 3870,560
Radeon HD 7640G + R5 M200 Dual,559
Radeon HD 6570,559
Radeon HD 8550G + HD 8500M Dual,559
Radeon HD 7640G + 8670M Dual,558
Radeon HD 7640G + 8570M Dual,558
GeForce 820A,555
GF117,554
Radeon R7 7850A10-7850K,551
Radeon HD 8650G,550
FireGL V8650,550
Radeon R5 M335,549
Mobility Radeon HD 3870,548
FirePro 3D V5700,547
Radeon HD 8550G + HD 8670M Dual,546
GeForce 615,546
Radeon HD 8450G + 8600M Dual,545
FirePro 3D V7750,545
Radeon HD 7520G + HD 7400M Dual,545
GeForce GT 630M,544
Radeon HD 7600G + HD 8670M Dual,544
Radeon R7 M265,543
Mobility Radeon HD 5570,543
Quadro FX 2700,543
Radeon HD 7520G + 7470M Dual,543
Quadro 600,542
Radeon R6 A10-8700P,541
Qualcomm Adreno 675 GPU,540
Radeon HD 8670D,538
Radeon R6 PRO A10-8700B 4C+6G,538
"Radeon R6 PRO A10-8700B R6, 10 Compute Cores 4C+6G",535
Radeon HD 7560D + HD 7000 Dual,534
GRID K180Q,534
Radeon HD 8550G + 8570M Dual,533
Radeon R5 M255,532
Radeon R6 PRO A8-8600B 4C+6G,532
RADEON HD6530D,532
Radeon R5 240,529
Radeon HD 8550G + HD 8570M Dual,529
Radeon HD 7640G + 6400M Dual,527
Radeon HD 7600G N HD 7600G + HD ON HD Dual,526
Quadro FX 5600,525
GeForce GT 425M,524
Radeon HD 7660D + R5 235 Dual,524
GeForce GT 240,524
Radeon HD 7660G + HD 7600M Dual,523
Radeon HD 7520G + 7670M Dual,523
Intel HD 4400,522
MCT USB3.0 External Device,520
Radeon HD 8670M,520
GeForce GT 435M,520
Radeon HD 7640G + HD 7670M Dual,519
Radeon 6600M,518
NVS 5200M,518
IncrediblE HD 4000,517
Intel HD P4000,516
Radeon R5 330,513
Mobility Radeon HD 4830,512
Radeon HD 7640G + 7610M Dual,510
Radeon HD 7600G + HD 7550M Dual,509
Radeon HD 7620G + 8600M Dual,509
Radeon R5 PRO A6-8500B 2C+4G,508
Radeon HD 7620G + HD 8670M Dual,507
GeForce 9800 GTX+,507
GeForce 820M,506
Radeon Vega 2,506
GeForce GTS 150M,504
Radeon HD 8450G + HD 8750M Dual,504
Radeon HD 7660D,503
GeForce 8800 GT,501
Radeon R7 M265DX,499
Mobility Radeon HD 5730,498
TRINITY SCRAPPER MOBILE,498
SUMO 964A,498
Radeon HD 7500G + 7550M Dual,497
ASUS EAH4870x2,496
Radeon HD 7520G + HD 7670M Dual,495
GeForce 9600 GT,495
Radeon HD8530M,490
Radeon HD 8670D N HD 8670D + HD 8670D Dual,489
Radeon HD 8550G + R5 M230 Dual,488
Radeon R4E,487
GeForce GT 540M,487
Radeon HD 7520G + 7400M Dual,487
Radeon R7 M260,486
Radeon HD 8690A,486
Radeon HD 5570,483
Radeon HD 8610G + HD 8600M Dual,481
Radeon R5 M420,480
Quadro K500M,480
Mobility Radeon HD 5000 Serisi,479
Radeon 3020e,479
Mobility Radeon HD 3870 X2,478
Radeon HD 7600G + HD 7500M/7600M Dual,477
GeForce 800A,477
GeForce GT 625M,476
Radeon HD 7670M,476
GeForce 710A,475
Radeon R6 A8-8600P,475
Radeon HD 8450G + 8670M Dual,475
Radeon HD 7640G + HD 8570M Dual,475
Radeon HD 7660G,474
Radeon R5 M315,474
"Radeon R5 PRO A6-8500B R5, 6 Compute Cores 2C+4G",472
FirePro 3D V3800,472
Radeon HD 8570D + R5 235 Dual,471
GeForce 9800 GT,470
GeForce 800M,470
Quadro FX 3600M,467
Quadro FX 1800M,467
GeForce GT 720M,466
SUMO 9644,466
Radeon HD 7660D + 7470 Dual,466
GeForce 710M,465
Radeon HD 7550M,465
FirePro V5700,465
Mobility Radeon HD 4670,463
GeForce 8800M GTX,462
Radeon HD 7560D,462
Radeon HD 7640G,461
GeForce 9800M GS,460
Radeon HD 7660G + HD 7600M N HD 7600M Dual,460
GeForce GT 525M,459
Intel HD Family,458
GeForce GT625M,457
Quadro FX 3700M,456
GeForce 705M,456
GeForce 9800M GTX,454
GeForce GT 320,454
Radeon HD 7520G + 7650M Dual,453
Radeon HD 8450G + HD 8600M Dual,452
Radeon Vega 3 Athlon Silver 3050e,452
Radeon HD 7620G N HD 7620G + HD 8600M N HD 8600M D,452
Mobility Radeon HD 5650,450
Radeon HD 7520G + HD 7600M Dual,447
Radeon HD 7660G + 8600M Dual,446
GeForce GT 710M,446
PHDGD Ivy 5,445
Quadro 410,443
Radeon HD 7620G + HD 8600M Dual,443
Radeon HD 7650M,442
GeForce GT 620M,440
Radeon R5 M320,440
Radeon HD 7600G + HD Dual,435
Radeon HD 8410G,435
Radeon HD 8570D,434
Radeon HD 3850 AGP,432
Radeon HD 7570M,431
Quadro FX 4600,430
Radeon HD 8610G,429
GeForce 8800 GTS,426
Radeon R5 M240,425
GeForce GT 420,424
FirePro M2000,424
Radeon HD 7640G + HD 7500/7600 Dual,424
Radeon HD 7600G + 7550M Dual,423
RADEON HD6410D,423
Radeon HD 7640G N HD 7640G + HD 8570M Dual,423
Radeon R7 Eng Sample: ZM2111C1Y4382_34/21/13/06_98,422
Quadro FX 2800M,422
Radeon HD 8570M,422
Intel 4th Generation Haswell HD,420
GeForce GT 420M,417
Radeon R5 M230,413
GeForce 810M,410
Radeon HD 8500M,409
Radeon HD 8550G,409
"Radeon R5 PRO A6-9500B R5, 6 COMPUTE CORES 2C+4G",408
GeForce GTS 350M,408
Radeon HD 7470M,408
Radeon HD 7640G + HD 7600M N HD 7600M Dual,407
Radeon HD 7600G + 7500M/7600M Dual,406
RADEON E4690,405
Radeon HD 3850,402
Radeon HD 6550D,401
Mobility Radeon HD 4650,401
GeForce 9800M GTS,401
GeForce GT 330,401
Quadro FX 1800,400
Radeon HD 8650D,396
Radeon R5 Opteron X3216,394
Intel HD 5300,392
GeForce GT 335M,392
Radeon HD 7600G + 7450M Dual,390
IncrediblE HD,389
GeForce 7900 GTX,388
GeForce 8800M GTS,382
GeForce 9800M GT,381
GeForce GT 130,381
Radeon HD 4670,381
Quadro FX 3700,381
GeForce GTX 260M,379
Radeon HD 6490M,378
Quadro FX 2700M,377
Radeon HD 7520G + 8750M Dual,377
Radeon HD 7600G + 6400M Dual,377
PHDGD Ivy 4,375
Radeon HD 8570D + HD8490 Dual,374
Radeon HD 5550,371
GeForce GT 610M / GT 620M / GT 710M / GT 720M / GT,369
Intel UHD Graphics 605,369
GeForce GT 620,367
Matrox Millennium P690 PCIe x16,367
Radeon HD4670,366
Mobility Radeon HD 3850,366
Radeon HD 8510G,365
Radeon HD 7520G N HD 7520G + HD 7600M N HD 7600M D,365
Radeon HD 8450G,364
Radeon HD 7660G + HD 8600M Dual,364
Radeon HD 8470D,361
Radeon Vega 3 Ryzen Embedded R1305G,359
Radeon HD 7500G + HD 7500M/7600M Dual,356
Radeon HD 6620G,355
Radeon 3015e,355
Radeon HD 7620G,354
Radeon HD 6480M,353
Mobility Radeon HD 565v,353
Intel HD 505,351
Radeon HD 7580D,351
GeForce 7950 GT,344
Intel HD 4000,343
Radeon R5 235,342
FirePro 3D V3750,341
FireGL V5600,341
Radeon HD 8310E,341
Radeon HD 7660D + HD 7400 Dual,340
GeForce GT 625,338
Radeon HD 8570D + HD 8470 Dual,338
GeForce GT 705,336
FirePro RG220,335
Radeon HD 6530D,335
Radeon HD 7600G + 8500M/8700M Dual,334
Radeon R4,332
Radeon R5 310,332
Radeon HD 7540D,331
GeForce 8800 GS,330
GeForce 9600 GSO 512,330
Radeon HD 7450M,330
Radeon Athlon PRO 3045B,330
Radeon HD 7600G + HD 7400M Dual,329
GeForce 9600 GSO,327
Intel UHD Graphics 600,326
GeForce GT 120 / 9500 GT,325
Radeon E6460,324
GeForce GT 230,323
FirePro V3800,321
RADEON HD6370D,320
Radeon HD 8370D,320
GeForce 240M GT,320
Mobility Radeon HD 560v,318
Radeon HD 7520G,315
Radeon HD 7520G + 8600/8700M Dual,311
Radeon HD 7600G,309
Radeon HD 7420G,309
GeForce 605,308
Quadro FX 3500M,306
GeForce GT 520,306
GeForce GT 610,304
Radeon HD 8350G,304
Microsoft Basic Display Adapter Ryzen 5 5600G,302
Radeon R1E,301
Radeon R3,301
Radeon HD 6520G,298
Intel HD 500,298
Radeon R5E,296
NVS 315,296
Radeon HD 7500G,294
GRID K120Q,293
GeForce 9600M GT / GeForce GT 220M,293
Radeon Vega 2 Athlon Silver 3050U,293
GeForce 610M,292
Radeon HD 2900 GT,292
Quadro FX 3500,292
IncrediblE HD 3000,291
GeForce 7800 GTX,291
Radeon HD 7470,289
Radeon HD 7450A,288
GeForce 7950 Xtreme,288
Intel HD P3000,287
Radeon HD 8280,286
GeForce GT 415M,286
Mobile Intel HD,285
GeForce GT 520MX,284
Mobility Radeon HD 5165,284
GeForce GT 520M,284
Qualcomm Adreno 630 GPU,283
Radeon HD 2600 XT,283
GeForce 9600 GS,282
Radeon HD 7480D,282
GeForce 9700M GTS,278
Radeon R5 235X,277
Radeon HD 6370M,276
GeForce Go 7900 GTX,270
GeForce 9650M GS,270
Radeon HD 8280G,270
Radeon HD 8400E,269
Radeon HD 5470,268
NVS 4200M,268
Radeon HD 7400G,267
Radeon HD 8330E,267
Mobility Radeon HD 550v,266
GeForce Go 7950 GTX,264
Radeon HD 8490,263
Radeon HD 8400,262
Radeon HD 6450A,260
GeForce 510,260
Radeon HD 6480G,260
GeForce 7900 GT,258
Intel HD 3000,256
Radeon HD 6370D,254
GeForce 7900 GS,254
Quadro NVS 510M,254
Radeon HD 8330,252
GeForce 410M,252
Radeon HD 8470,252
GeForce GT 415,251
Radeon HD 7640G + 8600M Dual,250
NVS 310,249
GeForce 7900 GT/GTO,247
CARRIZO 9874,247
Radeon HD 8280E,245
GeForce 7800 GT,244
Quadro FX 5500,242
Radeon R2,240
Radeon HD4650,240
Radeon HD 8240,239
Radeon HD 7640G + R5 M230 Dual,239
Radeon HD 6410D,238
Mobility Radeon HD 5470,236
Quadro FX 4500 X2,236
Radeon HD 4550,236
Quadro FX 570,233
Mobility Radeon HD 3670,232
Radeon E6465,231
Radeon HD 4650,229
Radeon HD 6470M,228
Quadro FX 4500,226
Quadro NVS 290,226
Radeon HD 7450,224
GT 430,223
Intel G965 Express,223
Radeon R5 230,222
Radeon HD 7340M,221
A6 Micro-6500T Quad-Core APU with RadeonR4,220
Mobility FireGL V5725,219
Quadro FX 2500M,218
Radeon HD 6320 Graphic,216
Quadro FX 880M,215
Mobility Radeon. HD 5470,215
Mobility Radeon HD 5450,214
Intel Q45/Q43 Express Chipset,214
Intel HD 2000,213
GeForce GT 220,213
Radeon R2E,212
Radeon HD 2600 PRO,211
GeForce Go 7600 GT,210
Radeon HD 8250,210
GeForce 320M,210
GeForce Go 7800 GTX,210
GeForce GT 330M,209
GeForce 9700M GT,209
Quadro NVS 320M,208
Radeon HD 4650 AGP,208
Radeon HD 6380G,207
Intel i gfx-driver-ci-master-9938,206
Radeon R3E,206
Barco MXRT 1450,206
Intel 2nd Generation SandyBridge HD 3000,205
GeForce GT 230M,204
GeForce GT 240M,203
Intel Q965/Q963 Express,203
GeForce 7950 GX2,202
GeForce 7600 GT,202
Mobility Radeon HD 545v,200
RADEON HD7450,199
Radeon HD 6320M,198
Radeon HD 6450,198
Quadro FX 1500,197
Radeon HD 7340G,196
Intel Infoshock HD,194
Radeon HD 8210E,194
Radeon HD 6430M,193
Mobility Radeon HD 2600 XT,192
Mobility Radeon HD 4550,191
NVS 5100M,189
GeForce 6800 GS,189
Mobility Radeon HD 540v,188
Intel 2nd Generation SandyBridge HD,186
Radeon HD 8210,185
Mobility Radeon HD 5430,181
Radeon HD 7310G,181
Barco MXRT 7100,180
FireGL V3600,180
Quadro FX 3450/4000 SDI,179
Radeon HD 6230,179
FirePro 3D V3700,179
GeForce 7800 GS,177
GeForce Go 7900 GS,176
Mobility Radeon HD 530v,175
Radeon HD 7310 - Carte graphique,174
Quadro FX 1700M,173
GeForce 9500 GS,171
Quadro FX 1500M,171
Radeon HDG 4670,170
FirePro 2460,170
Quadro FX 770M,170
GeForce GT 325M,170
GeForce GT 120,169
Mobility Radeon HD 2600,168
GeForce G102M,168
Quadro FX 380,167
Radeon HD 7310M,166
Intel HD manual-gen9_2015-133271,165
GeForce 9200,165
Radeon HD 7350,165
Radeon HD 8350,163
Intel 3rd Generation IvyBridge HD GT1,161
GeForce GT 120M,160
GeForce 315,159
Quadro FX 580,158
GeForce 7600 GS,157
GeForce 8200,156
Radeon HD 4300/4500 Serisi,156
Radeon HD 7340,154
Radeon X1950 CrossFire Edition,151
Radeon HD 3670,151
GeForce 305M,151
Radeon HD 3650 AGP,150
GeForce 8600 GTS,150
Quadro FX 3450,149
Quadro 400,148
Mobility Radeon HD 4350,148
Radeon HD 3450,148
GeForce Go 7700,148
Radeon HD 6320,148
ZX Chrome 645/640 GPU,147
GeForce 9500 GT,147
S3 5400EW,146
GeForce GT 130M,146
Radeon X1900 GT,146
GeForce 8400 GS,145
FirePro 2270,145
GeForce 9200M GE,144
Radeon HD 6300M,143
GeForce 6800 GT,142
EG PARK,141
RADEON HD 6350,141
Radeon HD 4290,141
Radeon X1800 GTO,141
Radeon HD 6290M,140
nForce 760i SLI,140
NVS 2100M,140
Mobility Radeon HD 4570,139
Intel Haswell HD - GT2,139
GeForce 6800 Ultra,139
Radeon HD 8180,139
Radeon HD 5450,138
GeForce Go 6800 Ultra,138
Quadro NVS 160M,138
GeForce 6600 GT,137
Radeon X1900 CrossFire Edition,137
GeForce 9600M GT,137
GeForce 9650M GT,137
GeForce 7300 GT,136
GeForce G200,136
Mobility Radeon HD 4330,135
Mobility Radeon X1900,135
GeForce 9800 GT 1024MB,134
EAH5450,134
GeForce 7650 GS,134
Radeon R5 220,133
VIA/S3G C-645/640 GPU,132
Quadro FX 1600M,131
Quadro FX 380 LP,131
MOBILITY RADEON X1800,130
RADEON X800 SE,130
Mobility Radeon HD 3650,129
GeForce 9300 / nForce 730i,129
Radeon HD 7310,129
Radeon HD 3470,128
FireGL V7300,128
GeForce Go 7600,128
All-in-Wonder X1900,127
GeForce 9300,127
Radeon HD 3300,127
GeForce 205,126
Seria Mobility Radeon HD 3400,125
GeForce 8700M GT,124
Quadro FX 1400,124
GeForce G100,124
Qualcomm Adreno 618 GPU,124
GeForce 8500 GT,124
Radeon HD 7290M,123
GeForce 6800 XT,123
Intel Haswell HD - GT1,123
Radeon HD 4250,123
NVS 300,123
Radeon HD 6310,122
GeForce GT 220M,122
GeForce 9500M G,122
Quadro FX 380M,121
Radeon HD 2400,121
GeForce 405,120
Extreme AX850 PRO,120
GeForce 310,120
Radeon HD 2400 XT,119
GeForce 505,119
RV530 PRO,119
Qualcomm Adreno 540 GPU,119
GeForce 9600M GS,118
FireMV 2260,117
Mobile Intel 45 Express-Chipsatzfamilie,117
GeForce 8600 GT,117
PHDGD Quantic C3,117
Radeon X1700 Targa Edition,117
FireGL V7200,116
Radeon X1600 XT,116
Quadro FX 1700,115
GeForce G210M,115
RADEON X800 GTO,115
GeForce 315M,115
NVS 3100M,115
GeForce Go 7800,115
FireGL V5200,115
Radeon HD 2400 Pro,114
GeForce 9400 GT,114
Quadro FX 560,114
Radeon X1950 Pro,113
FirePro 2260,113
GeForce 6800,113
Sapphire RADEON X800 GT,113
GeForce 8400M GS,113
Intel HD Modded,112
Radeon HD 7290,112
Radeon HD 4200,112
GeForce 9200M GS,111
Mobility Radeon HD 3400 Serisi,111
GeForce 310M,111
FireGL V7350,111
Radeon HD 2600 Pro AGP,110
Radeon HD 4270,110
GeForce 6800 LE,110
VIA/S3G Chrome 645/640 GPU,110
Intel B43 Express Chipset,109
Radeon HD 4330,109
Intel Media Accelerator HD,109
Quadro FX 370 LP,108
GeForce G105M,108
Radeon HD 4350,107
Radeon Infoshock 3000,107
Radeon X1950 GT,106
GeForce Go 6800,106
GeForce9400M,106
GeForce GT 320M,106
Radeon HD 6290,105
GeForce 9450,105
Mobility Radeon X1700,105
Quadro FX 3400/4400,104
M880G with Mobility Radeon HD 4250,104
Quadro FX 570M,104
GeForce 9500M,104
FireGL V3400,103
Quadro FX 370 Low Profile,103
GeForce 210,103
GeForce 6800 GS/XT,103
GeForce 9300 GS,102
GeForce 9500M GS,102
Mobility Radeon HD 2400 XT,102
Quadro FX Go1400,102
GeForce 8300,102
Quadro FX 4000,101
GeForce 8300 GS,101
Matrox G200e WDDM 2.0,101
Radeon X1600 Pro,99
GeForce 9400,99
GeForce G210,98
Mobility Radeon HD 4250,98
Radeon 3000,98
Mobility Radeon HD 3430,98
ION LE,98
GeForce 9300GE,98
RADEON X800 XT,98
Quadro NVS 130M,97
Mobility Radeon HD serie 4200,97
Intel G41 Express Chipset,96
Radeon HD 3000,96
GeForce 6700 XL,95
MEDION RADEON X740XL,95
Matrox G200eW3 WDDM 2.0,94
Mobility Radeon HD 3470 Hybrid X2,94
Radeon HD 6250,94
Mobility Radeon HD 3470,93
Quadro FX 370M,93
Mobility Radeon HD 4270,93
Intel Q35 Express,93
M880G with Mobility Radeon HD 4200,93
FireGL V5100,93
Mobility Radeon X1600,92
nForce 780a SLI,92
GeForce 8600 GS,92
RADEON X600XT,92
GeForce G205M,92
Mobility Radeon HD 3450,91
Mobility Radeon HD 4200,91
GeForce 9300M GS,90
GeForce 8600M GT,90
Mobility Radeon HD 2400,90
GeForce 7500 LE,90
GeForce 6610 XL,89
Intel G45/G43 Express Chipset,89
Quadro FX 360M,87
GeForce 6600,86
Quadro FX 350,86
FireGL V3200,85
Radeon X1650 Pro,85
GeForce 9300M G,85
ALL-IN-WONDER X800 GT,84
Radeon X1300 PRO,84
ION,84
RADEON X800 GT,84
GeForce 999 GTX,84
Quadro FX 370,84
nForce 750a SLI,83
Radeon HD 3200,82
GeForce 9100,82
RADEON X850 XT Platinum Edition,82
Mobility Radeon X2500,82
MOBILITY FireGL V5000,82
GeForce 9300 SE,82
nForce 980a/780a SLI,82
GeForce 8400,81
RADEON X800 XT Platinum Edition,81
Mobility Radeon 4100,81
RADEON X850 XT,81
Quadro FX 540,81
GeForce 7300 LE,80
Quadro NVS 295,80
RADEON X800GT,80
GeForce 8100 / nForce 720a,79
GeForce 7300 GS,79
Radeon HD 2350,77
GeForce 9300 GE,76
RADEON X700 PRO,76
M860G with Mobility Radeon 4100,76
Radeon X1650 GTO,75
GeForce 7350 LE,74
FireMV 2450,74
Radeon 3100,74
RADEON X800 PRO/GTO,73
Mobility Radeon HD 4300 Serisi,73
RADEON X850 PRO,73
RADEON X700,73
FireGL V7100,72
MEDION RADEON 9800 XXL,72
M880G with Mobility Radeon HD 4225,72
RADEON X700 SE,71
Radeon X1650 SE,71
Radeon X550XTX,71
FireGL V3300,71
Quadro NVS 150M,70
Diamond X1300-PCIE 256MB,70
GeForce 8600M GS,70
Quadro NVS 420,70
BASICDISPLAY,70
GeForce Go 6600,69
RADEON X800 XL,69
Radeon X1600 Pro / X1300XT,69
Quadro NVS 140M,69
Quadro FX 3000,69
FireGL V3350,69
GeForce 8400 SE,68
GeForce 9100M G,68
Intel G45/G43/G41 Express Chipset,68
Matrox G200eR WDDM 2.0,68
GeForce 9400M,68
GeForce 9400M G,68
RADEON X600 PRO,67
Quadro NVS 450,67
MOBILITY RADEON X700,67
GeForce 8400M GT,67
Quadro NVS 135M,67
Radeon X1550,67
Mobility Radeon HD 4225,66
GeForce Go 7400,66
GeForce 8200M G,65
RADEON X800 PRO,65
Quadro FX 550,64
GeForce G 103M,63
GeForce G 105M,63
Mobility Radeon HD 3410,63
Intel HD manual-15.28-1861,63
MOBILITY FireGL V3200,62
SAPPHIRE Radeon X1550,61
MOBILITY RADEON X700 XL,60
Radeon 2100,60
RADEON 9800 PRO,59
Matrox G200e WDDM 1.2,59
GeForce FX 5950 Ultra,59
FireGL X1,59
GeForce 6800 XE,59
GeForce 8400M G,59
Radeon X1300,58
Intel - Express Chipset Q45/Q43,58
RADEON 9800,58
Intel G41 Express-Chipsatz,57
Intel Q45/Q43 Express-Chipsatz,57
RADEON 9800 XT,57
Intel - Express Chipset G41,57
RADEON X600 256MB HyperMemory,57
RADEON X550XT,56
Intel G33/G31 Express,55
RADEON 9700 PRO,54
GeForce 6200 TurboCache,53
FireGL V3100,53
Radeon Xpress 1300,52
GeForce Go 7300,52
Matrox G200eh WDDM 1.2,52
RADEON E2400,52
GeForce FX Go5700,51
GeForce 6600 LE,51
FirePro 2450,51
RADEON X550,51
Mobility Radeon HD 2300,51
Mobile Intel 965 Express,50
MOBILITY RADEON X600,50
Matrox G200eW WDDM 1.2,50
Radeon X1600,49
MOBILITY RADEON X600 SE,49
Radeon X1050,49
RADEON X600 SE,49
Mobility Radeon X2300 HD,49
Mobility Radeon X2300,48
GeForce 7100 GS,48
GeForce 7300 SE/7200 GS,48
Radeon X1550 64-bit,48
Quadro NVS 110M,48
SAPPHIRE RADEON 9600 ATLANTIS,47
Quadro NVS 120M,47
Matrox G200eh WDDM 2.0,46
MOBILITY RADEON 9800,46
FireMV 2250,46
Matrox G200eR WDDM 1.2,45
GeForce Go 7200,45
MOBILITY FireGL V5200,45
GeForce Go 6600 TE/6200 TE,45
Quadro FX 350M,45
Mobile Intel serie 4 Express,45
Mobile Intel 4 Express-Chipsatzfamilie,45
Radeon 9700 TX w/TV-Out,44
Matrox M9188 ATX PCIe x16,44
Mobility Radeon X1400,43
RADEON 9600 PRO,43
Radeon Xpress 1250,43
Matrox M9138 LP PCIe x16,42
Quadro NVS 285,42
RADEON 9500 PRO / 9700,42
GeForce 6200,42
GeForce 7050 / nForce 620i,42
GeForce FX 5900 Ultra,41
GeForce FX 5700,41
Mobile Intel 45 Express,41
MOBILITY FIREGL T2,41
Matrox G200eh,41
Radeon Xpress 1300M,40
Matrox M9148 LP PCIe x16,40
GeForce FX 5900XT,40
Mobility Radeon X1350,40
Matrox G200eW,40
Mobility Radeon X1300,40
S3 Chrome 430 ULP,40
MOBILITY RADEON 9600/9700,39
GeForce 7300 SE,39
Mobile Intel - famiglia Express Chipset 45,39
GeForce 6500,38
Quadro NVS 285 128MB,38
RADEON X300SE,38
GeForce 7050 / nForce 630i,38
256MB DDR Radeon 9800 XT,38
Quadro NVS 440,38
Radeon X1250,37
GeForce 6200SE TurboCache,37
Matrox G200eR,37
CONNECT 3D RADEON X300,36
RADEON 9500,36
FireMV 2200 PCIe,36
MOBILITY RADEON 9600,36
Quadro FX 1100,36
Radeon Xpress 1200,36
GeForce 7100 / nForce 630i,35
RADEON 9600 XT,35
GeForce PCX 5750,35
RADEON 9550,35
GeForce FX 5900,35
Quadro FX 1300,34
Quadro FX 1000,34
GeForce FX 5700 Ultra,34
GeForce PCX 5900,34
Radeon Xpress 1100,34
MOBILITY RADEON X300,34
MOBILITY FIREGL T2/T2e,34
S3 Chrome S27 DDR3,33
GeForce 6150 LE,33
Mobility Radeon X1450,33
GeForce FX 5700VE,33
GeForce 7150 / nForce 630i,33
Intel Media Accelerator,33
GeForce FX 5900ZT,33
GeForce 7025 / nForce 630a,33
Radeon X1200,33
GeForce 6200 A-LE,32
Matrox M9128 LP PCIe x16,32
Red Hat QXL controller,32
GeForce 7050 PV / nForce 630a,31
Radeon X1270,31
FireGL T2-128,31
MOBILITY RADEON 9550,30
GeForce 6150SE nForce 430,30
All-in-Wonder X1800XL,30
Radeon Xpress 1150,30
GeForce 6100 nForce 405,30
RADEON XPRESS 200,30
Radeon 9550 / X1050,29
GeForce 6200 LE,28
MOBILITY RADEON 9700,27
MOBILITY FireGL V5250,27
RADEON 9600SE,27
GeForce 6100,27
MOBILITY RADEON XPRESS 200,27
RADEON 9600 PRO Family,27
Radeon Xpress 1270,27
GeForce 7100 / nForce 620i,26
PHDGD Sapphire GR for Mobile Intel 965,26
Matrox M9120 Plus LP PCIe x16,26
Matrox M9125 PCIe x16,26
GeForce 6100 nForce 420,25
GeForce 6100 nForce 400,25
GeForce 7050 / nForce 610i,25
RADEON 9600 Family,25
MOBILITY RADEON 9600 PRO TURBO,25
GeForce 6150SE,25
GeForce FX 5700LE,25
GeForce Go 6400,24
Mobile Intel 965 Express-Chipsatzfamilie,24
Quadro NVS 210S,24
RADEON 9800 SE,24
Matrox M9140 LP PCIe x16,23
ALL-IN-WONDER 9800,23
GeForce 7200 GS,23
GeForce 6100 nForce 430,23
S3 Chrome S25,23
RADEON A9800XT,23
RADEON XPRESS 200M,23
GeForce 6150,22
Quadro NVS 210S / GeForce 6150LE,21
PHDGD Solo 2 x64,20
Matrox M9120 PCIe x16,20
GeForce Go 6150,19
QXL KMDOD,19
S3 Chrome S25 DDR2,18
RADEON 9600 TX Family,18
GeForce 7150M / nForce 630M,18
RADEON XPRESS 200 CROSSFIRE,18
Quadro FX 2000,18
GeForce Go 6100,18
GeForce FX Go 5600,18
Mobile Intel965 Express,18
GeForce FX 5600 Ultra,17
GeForce FX Go5650,17
GRID V100-8Q,16
NV44,15
GeForce Go 6200,15
Quadro FX 500/600 PCI,14
Radeon HD 2400 PCI,14
GeForce 7000M,13
GeForce 7000M / nForce 610M,13
GeForce FX 5600,13
GeForce FX Go5300,13
GeForce FX 5200 Ultra,12
Intel 82945G Express,12
GeForce FX 5200SE,12
FireMV 2400 PCIe,11
RGH Drivers v3,11
PHDGD Solo 1.2.0 x86,11
Master X3100 Driver,10
MOBILITY IGP 9000/9100,10
Matrox Parhelia 256MB,9
VIA Chrome9 HD IGP,9
ASUS A7000,9
GeForce FX 5600XT,9
GeCube RADEON 7000,9
GeForce FX Go 5200,8
Intel Q35 Embedded,8
GeForce FX 5500,8
Mobile Intel 965 Express - BR-0907-0461 v1839,8
Quadro NVS 280 PCI,8
Intel 82945G Express-Chipsatzfamilie,8
MOBILITY RADEON 9000 IGP,8
GeForce FX 5100,8
ASUS V9520-X V62.11,8
Quadro FX 500/FX 600,8
GeForce FX 5200,8
Intel US15 Embedded Media and Controller,7
GeForce4 Ti 4400,7
GeForce FX 5200LE,7
Intel Media Accelerator 600,7
GeForce4 Ti 4800 SE,7
Matrox Millennium P690 Plus LP PCIe x16,7
Quadro4 380 XGL,7
RADEON 8500 Family,7
GeForce4 MX Integrated GPU,7
V9560XT,6
GeForce2 Ultra,6
MOBILITY RADEON 7000 IGP,6
GeForce PCX 5300,6
RADEON 9100 Family,6
Quadro NVS 55/280 PCI,6
RADEON IGP 350M,6
GeForce4 440 Go 64M,6
VIA/S3G UniChromeII,6
GeForce4 Ti 4800,6
Mobile Intel 945GM Express,6
Quadro 280 NVS PCIe,6
NVIDIA GeForce3 Ti200,6
Intel 82915G Express,6
MOBILITY RADEON 9000/9100 IGP,6
Intel Q33 Express,6
Matrox Parhelia APVe,6
ALL-IN-WONDER RADEON 8500DV,6
GeForce4 Ti 4200,6
GeForce4 448 Go,6
GeForce4 Ti 4600,6
RADEON 9100 IGP,5
GeForce4 420 Go 32M,5
Matrox Millennium P650 PCIe 128,5
Mobile Intel 945GM/GU Express,5
SAPPHIRE RADEON 9000 ATLANTIS PRO,5
Xabre,5
GeForce 256,5
Quadro4 980 XGL,5
GeForce4 440,5
Quadro4 900 XGL,5
ALL-IN-WONDER 9000,5
GeForce3,5
GeForce4 MX 440 with AGP8X,5
WinFast A250 LE,5
GeForce2 MX with DVI-D and TV-out,5
GeForce4 MX 420,5
MOBILITY FIREGL 7800,5
RADEON 7500 Family,5
VIA/S3G UniChrome Pro IGP,5
Intel 82865G Controller,5
Intel 915G/915GV/910GL Embedded Controller Functio,5
RADEON 9000,5
GeForce2 Ti,5
XGI Volari Family v1.13.23.D_V,5
GeForce4 MX 440SE,5
GeForce4 MX 440,5
Quadro2 MXR/EX,5
Intel 945G Embedded Chipset Function 0,5
GeForce4 MX 4000,5
ASUS AGP-V3800PRO v31.40H,5
GeForce2 Integrated GPU,4
Dell 8200,4
VIA Chrome9 HC IGP,4
VIA/S3G UniChrome IGP,4
GeForce4 MX 460,4
GeForce2 Go,4
MOBILITY/RADEON 9000,4
GeForce3 Ti 200,4
VIA/S3G KM400/KN400,4
"Intel 915G,910G Express",4
GeForce2 GTS/GeForce2 Pro,4
GeForce4 4200 Go,4
GeForce2 MX/MX 400,4
ABIT Siluro T400,4
VIA Chrome9 HC IGP Family,4
RADEON 7000 / RADEON VE Family,4
RIVA TNT2 Model 64/Model 64 Pro,4
RADEON IGP 320,4
GeForce4 440 Go,4
Intel 82915G/915GV/910GL,4
Intel 865 Embedded Controller,4
GeForce 6200A,4
RADEON 9200,4
MOBILITY RADEON 7500,4
Radeon IGP 320M,4
RADEON 9000 Family,4
VIA Chrome9 HC IGP Family WDDM,4
Intel Media Accelerator 500,3
RIVA TNT2/TNT2 Pro,3
Matrox Parhelia 128MB,3
VIA Chrome9 HC IGP WDDM 1.1,3
GeForce4 420 Go,3
VIA/S3G DeltaChrome IGP,3
MOBILITY RADEON 9000,3
GeForce2 MX 100/200,3
Intel 946GZ Embedded Chipset,3
RADEON 7500,3
S3 Inc. Savage4,3
AMIGAMERLIN 3.1-R1 For Voodoo 4 4500 PCI,3
Rage Fury Pro/Xpert 2000 Pro,3
Intel 82915G/GV/910GL Express,3
Vanta/Vanta LT,3
MOBILITY RADEON 9200,3
Intel 946GZ Express,3
MOBILITY RADEON 9100 IGP,3
Intel Media Accelerator 3150,3
Intel 82845G/GL/GE/PE/GV Controller,3
RADEON 7200,3
RADEON 9200 PRO Family,3
VIA Chrome9 HC IGP WDDM,3
GeForce2 MX,3
RADEON IGP 345M,3
Radeon 7000 / Radeon VE,3
VIA Chrome9 HC3 IGP,3
Intel 82915G/GV/910GL Advanced v3.5,3
Intel 82845G/GL Controller,3
RADEON 9200 LE Family,3
RADEON 9250,3
GeForce2 MX with TV Out,3
RADEON 9200 SE,3
GeForce3 Ti 500,3
Intel GMA 3150 Express,3
Radeon IGP 340M,3
Quadro NVS 280 SD,2
Dell 8100,2
VIA Chrome9 HC IGP Prerelease WDDM 1.1,2
Intel 82845G Controller,2
Radeon VE,2
Intel Extreme Controller,2
S3 SuperSavage/IXC 1014,2
VisionTek Radeon 7000,2
Mobile Intel 915GM/GMS/910GML Express,2
Mobile Intel 945 Express,2
VIA Chrome9 HCM IGP,2
RADEON IGP 34xM,2
S3 ProSavageDDR,1
Rage 128 Pro,1
VIA Chrome9 HC3 IGP WDDM 1.1,1
Intel 82852/82855 GM/GME Controller,1
RAGE 128 PRO AGP 4X TMDS,1
Quadro2 Pro,1
FireMV 2200 PCI,1
